question,optionA,optionB,optionC,answer
What is longest measure of length,Meter,Foot,Inch,Mile
What is longest measure of length,Meter,Foot,Inch,Mile
What is longest measure of length,Meter,Foot,Inch,Mile
What is longest measure of length,Meter,Foot,Inch,Mile
What is longest measure of length,Meter,Foot,Inch,Mile
What is longest measure of length,Meter,Foot,Inch,Mile
What is longest measure of length,Meter,Foot,Inch,Mile
What is longest measure of length,Meter,Foot,Inch,Mile
What is longest measure of length,Meter,Foot,Inch,Mile
What is longest measure of length,Meter,Foot,Inch,Mile
What is longest measure of length,Meter,Foot,Inch,Mile
What is longest measure of length,Meter,Foot,Inch,Mile
What is longest measure of length,Meter,Foot,Inch,Mile
What is longest measure of length,Meter,Foot,Inch,Mile
What is longest measure of length,Meter,Foot,Inch,Mile
What is longest measure of length,Meter,Foot,Inch,Mile
What is longest measure of length,Meter,Foot,Inch,Mile
What is longest measure of length,Meter,Foot,Inch,Mile